{
    "ZGToLLG": 3106465270.7114997,
    "WGToLNuG": 3353413.0,
    "WWTo2L2Nu": 32147079.59480001,
    "TTToSemiLeptonic": 43548253725.28402,
    "WJetsToLNu": 9697410121705.164,
    "WZTo3LNu": 4077550.6318400004,
    "WZTo2Q2L": 129756627.88206397,
    "ZZ": 1151000.0,
    "DYJetsToLL_M-50": 82448537.0,
    "GluGluToWW": 17662000.0,
    "ST_t-channel_top": 6703802049.125998,
    "ST_tW_antitop": 27306324.658,
    "ST_tW_top": 20635251.100800008,
    "ST_s-channel": 19429336.178924404,
    "ST_t-channel_antitop": 1522100315.6520503,
    "TTTo2L2Nu": 3140127171.474801
}