{
    "VG": 3109818683.7114997,
    "Higgs": 63281816.82120001,
    "WW": 32147079.59480001,
    "Fakes": 9740958375430.447,
    "VZ": 134985178.51390398,
    "DYtoLL": 82448537.0,
    "ggWW": 17662000.0,
    "Top": 11165778878.754574
}